,1,2,3,4,5,6,7,8,9,10,
user_id,7.06298E+17,7.06298E+17,7.06298E+17,7.06298E+17,7.06298E+17,7.06298E+17,7.06298E+17,7.06298E+17,7.06298E+17,7.06298E+17, 
status_id,1.37764E+18,1.37734E+18,1.37513E+18,1.37763E+18,1.37731E+18,1.37516E+18,1.37659E+18,1.37511E+18,1.37726E+18,1.37733E+18, 
created_at,2021-04-01T15:15:42Z,2021-03-31T19:32:41Z,2021-03-25T16:50:26Z,2021-04-01T14:41:58Z,2021-03-31T17:18:26Z,2021-03-25T19:00:51Z,2021-03-29T17:44:45Z,2021-03-25T15:37:18Z,2021-03-31T13:49:27Z,2021-03-31T18:32:16Z, 
screen_name,OptionsMaxPain,OptionsMaxPain,OptionsMaxPain,OptionsMaxPain,OptionsMaxPain,OptionsMaxPain,OptionsMaxPain,OptionsMaxPain,OptionsMaxPain,OptionsMaxPain, 
text,#Options Flow Stream Update $AAPL $AMZN $GME $NVDA $PH $HYG $FINV $XLK $SPY $QQQ $SPX #OptionsTrading #OptionsFlow #optionstrade #optiontrading #stock #stocks #StockMarket #Investment #investing #invest #investor #investors #UOA https://t.co/Jj64hrpqst https://t.co/OSNyF7IMMO,#Options Flow Stream Update $AAPL $AMZN $TSLA $JPM $EXPE $GME $GDX $SPY $IWM $SPX #OptionsTrading #OptionsFlow #optionstrade #optiontrading #stock #stocks #StockMarket #Investment #investing #invest #investor #investors #UOA https://t.co/Jj64hrpqst https://t.co/6B6VywHei6,#Options Flow Stream Update $AAPL $AMZN $TSLA $BIDU $CMCSA $IWM $ABNB $NFLX $SQ $SPY $QQQ $SPX #OptionsTrading #OptionsFlow #optionstrade #optiontrading #stock #stocks #StockMarket #Investment #investing #invest #investor #investors #UOA https://t.co/Jj64hrpqst https://t.co/td4VkMmzFe,#Options Flow Stream Update $AAPL $AMZN $GME $NVDA $DD $FB $VIX $NDX  $SPY $QQQ $SPX â€‹#OptionsTrading #OptionsFlow #optionstrade #optiontrading #stock #stocks #StockMarket #Investment #investing #invest #investor #investors #UOA https://t.co/Jj64hrpqst https://t.co/u5Ho2SjXUF,#Options Flow Stream Update $AAPL $AMZN $TSLA $HYG $NDX $SPY $QQQ $SPX #OptionsTrading #OptionsFlow #optionstrade #optiontrading #stock #stocks #StockMarket #Investment #investing #invest #investor #investors #UOA https://t.co/Jj64hrpqst https://t.co/6B1xk4oAzp,#Options Flow Stream Update $AAPL $AMZN $TSLA $FB $ARKK $NFLX $XLB $CCL $SPY $QQQ $SPX #OptionsTrading #OptionsFlow #optionstrade #optiontrading #stock #stocks #StockMarket #Investment #investing #invest #investor #investors #UOA https://t.co/Jj64hrpqst https://t.co/dliIGSpqn6,#Options Flow Stream Update $AAPL $AMZN $TSLA $NVDA $AVGO $T $XLE $STNE $TLT $XP $SPY $QQQ $SPX #OptionsTrading #OptionsFlow #optionstrade #optiontrading #stock #stocks #StockMarket #Investment #investing #invest #investor #investors #UOA https://t.co/Jj64hrpqst https://t.co/U0ESUlPfqF,#Options Flow Stream Update $AAPL $AMZN $TSLA $PLTR $SQ $NVCR $MDB $SPY $QQQ $SPX #OptionsTrading #OptionsFlow #optionstrade #optiontrading #stock #stocks #StockMarket #Investment #investing #invest #investor #investors #UOA https://t.co/Jj64hrpqst https://t.co/rHarFSfK9h,#Options Flow Stream Update $AAPL $AMZN $TSLA $F $D $HYG $PAYC $SPY $NDX $SPX #OptionsTrading #OptionsFlow #optionstrade #optiontrading #stock #stocks #StockMarket #Investment #investing #invest #investor #investors #UOA https://t.co/Jj64hrpqst https://t.co/uL96t2oAZP,#Options Flow Stream Update $AAPL $AMZN $GOOGL $TSLA $EXPE $W $NDX $SPY $QQQ $SPX #OptionsTrading #OptionsFlow #optionstrade #optiontrading #stock #stocks #StockMarket #Investment #investing #invest #investor #investors #UOA https://t.co/Jj64hrpqst https://t.co/UThZjWgQIU, 
source,OptionsMaxPain_Post,OptionsMaxPain_Post,OptionsMaxPain_Post,OptionsMaxPain_Post,OptionsMaxPain_Post,OptionsMaxPain_Post,OptionsMaxPain_Post,OptionsMaxPain_Post,OptionsMaxPain_Post,OptionsMaxPain_Post, 
display_text_width,252,248,261,252,237,253,262,248,244,248,
reply_to_status_id,NA,NA,NA,NA,NA,NA,NA,NA,NA,NA,
reply_to_user_id,NA,NA,NA,NA,NA,NA,NA,NA,NA,NA,
reply_to_screen_name,,,,,,,,,,,
is_quote,FALSE,FALSE,FALSE,FALSE,FALSE,FALSE,FALSE,FALSE,FALSE,FALSE,
is_retweet,FALSE,FALSE,FALSE,FALSE,FALSE,FALSE,FALSE,FALSE,FALSE,FALSE,
favorite_count,0,0,0,1,0,0,0,0,0,0,
retweet_count,0,0,0,0,0,0,0,0,0,0,
quote_count,NA,NA,NA,NA,NA,NA,NA,NA,NA,NA,
reply_count,NA,NA,NA,NA,NA,NA,NA,NA,NA,NA,
hashtags,"Options, OptionsTrading, OptionsFlow, optionstrade, optiontrading, stock, stocks, StockMarket, Investment, investing, invest, investor, investors, UOA","Options, OptionsTrading, OptionsFlow, optionstrade, optiontrading, stock, stocks, StockMarket, Investment, investing, invest, investor, investors, UOA","Options, OptionsTrading, OptionsFlow, optionstrade, optiontrading, stock, stocks, StockMarket, Investment, investing, invest, investor, investors, UOA","Options, OptionsTrading, OptionsFlow, optionstrade, optiontrading, stock, stocks, StockMarket, Investment, investing, invest, investor, investors, UOA","Options, OptionsTrading, OptionsFlow, optionstrade, optiontrading, stock, stocks, StockMarket, Investment, investing, invest, investor, investors, UOA","Options, OptionsTrading, OptionsFlow, optionstrade, optiontrading, stock, stocks, StockMarket, Investment, investing, invest, investor, investors, UOA","Options, OptionsTrading, OptionsFlow, optionstrade, optiontrading, stock, stocks, StockMarket, Investment, investing, invest, investor, investors, UOA","Options, OptionsTrading, OptionsFlow, optionstrade, optiontrading, stock, stocks, StockMarket, Investment, investing, invest, investor, investors, UOA","Options, OptionsTrading, OptionsFlow, optionstrade, optiontrading, stock, stocks, StockMarket, Investment, investing, invest, investor, investors, UOA","Options, OptionsTrading, OptionsFlow, optionstrade, optiontrading, stock, stocks, StockMarket, Investment, investing, invest, investor, investors, UOA", 
symbols,"AAPL, AMZN, GME, NVDA, PH, HYG, FINV, XLK, SPY, QQQ, SPX","AAPL, AMZN, TSLA, JPM, EXPE, GME, GDX, SPY, IWM, SPX","AAPL, AMZN, TSLA, BIDU, CMCSA, IWM, ABNB, NFLX, SQ, SPY, QQQ, SPX","AAPL, AMZN, GME, NVDA, DD, FB, VIX, NDX, SPY, QQQ, SPX","AAPL, AMZN, TSLA, HYG, NDX, SPY, QQQ, SPX","AAPL, AMZN, TSLA, FB, ARKK, NFLX, XLB, CCL, SPY, QQQ, SPX","AAPL, AMZN, TSLA, NVDA, AVGO, T, XLE, STNE, TLT, XP, SPY, QQQ, SPX","AAPL, AMZN, TSLA, PLTR, SQ, NVCR, MDB, SPY, QQQ, SPX","AAPL, AMZN, TSLA, F, D, HYG, PAYC, SPY, NDX, SPX","AAPL, AMZN, GOOGL, TSLA, EXPE, W, NDX, SPY, QQQ, SPX", 
urls_url,apple.co/2XZuTYw,apple.co/2XZuTYw,apple.co/2XZuTYw,apple.co/2XZuTYw,apple.co/2XZuTYw,apple.co/2XZuTYw,apple.co/2XZuTYw,apple.co/2XZuTYw,apple.co/2XZuTYw,apple.co/2XZuTYw, 
urls_t.co,https://t.co/Jj64hrpqst,https://t.co/Jj64hrpqst,https://t.co/Jj64hrpqst,https://t.co/Jj64hrpqst,https://t.co/Jj64hrpqst,https://t.co/Jj64hrpqst,https://t.co/Jj64hrpqst,https://t.co/Jj64hrpqst,https://t.co/Jj64hrpqst,https://t.co/Jj64hrpqst,
urls_expanded_url,https://apple.co/2XZuTYw,https://apple.co/2XZuTYw,https://apple.co/2XZuTYw,https://apple.co/2XZuTYw,https://apple.co/2XZuTYw,https://apple.co/2XZuTYw,https://apple.co/2XZuTYw,https://apple.co/2XZuTYw,https://apple.co/2XZuTYw,https://apple.co/2XZuTYw, 
media_url,http://pbs.twimg.com/media/Ex5dBn7VcAgUSiJ.jpg,http://pbs.twimg.com/media/Ex1OQT-UYAY32jA.jpg,http://pbs.twimg.com/media/ExVvlFXVEAEX7aq.jpg,http://pbs.twimg.com/media/Ex5VTd0VIAAz-NO.jpg,http://pbs.twimg.com/media/Ex0vhmGVgAUjHgZ.jpg,http://pbs.twimg.com/media/ExWNbVKVcAEX823.jpg,http://pbs.twimg.com/media/ExqiXx3VgAI1iew.jpg,http://pbs.twimg.com/media/ExVe1ySVgAQg3aU.jpg,http://pbs.twimg.com/media/Exz_sRUVIAU4vIi.jpg,http://pbs.twimg.com/media/Ex1AbUrU8AQK_zJ.jpg, 
media_t.co,https://t.co/OSNyF7IMMO,https://t.co/6B6VywHei6,https://t.co/td4VkMmzFe,https://t.co/u5Ho2SjXUF,https://t.co/6B1xk4oAzp,https://t.co/dliIGSpqn6,https://t.co/U0ESUlPfqF,https://t.co/rHarFSfK9h,https://t.co/uL96t2oAZP,https://t.co/UThZjWgQIU, 
media_expanded_url,https://twitter.com/OptionsMaxPain/status/1377640824637288450/photo/1,https://twitter.com/OptionsMaxPain/status/1377343109810450432/photo/1,https://twitter.com/OptionsMaxPain/status/1375127950207590402/photo/1,https://twitter.com/OptionsMaxPain/status/1377632334548135942/photo/1,https://twitter.com/OptionsMaxPain/status/1377309321294344197/photo/1,https://twitter.com/OptionsMaxPain/status/1375160768388161536/photo/1,https://twitter.com/OptionsMaxPain/status/1376591170977984512/photo/1,https://twitter.com/OptionsMaxPain/status/1375109546805354504/photo/1,https://twitter.com/OptionsMaxPain/status/1377256729012932610/photo/1,https://twitter.com/OptionsMaxPain/status/1377327905391345670/photo/1, 
media_type,photo,photo,photo,photo,photo,photo,photo,photo,photo,photo,
ext_media_url,"http://pbs.twimg.com/media/Ex5dBn7VcAgUSiJ.jpg, http://pbs.twimg.com/media/Ex5dBskUcAQKSbN.jpg, http://pbs.twimg.com/media/Ex5dBy8UUAATczo.jpg, http://pbs.twimg.com/media/Ex5dB3UVcAA9j80.jpg","http://pbs.twimg.com/media/Ex1OQT-UYAY32jA.jpg, http://pbs.twimg.com/media/Ex1OQcUVoAEr2Vg.jpg, http://pbs.twimg.com/media/Ex1OQhNVIAA3Nln.jpg, http://pbs.twimg.com/media/Ex1OQlxUUAE5qEr.jpg","http://pbs.twimg.com/media/ExVvlFXVEAEX7aq.jpg, http://pbs.twimg.com/media/ExVvlK3VoAM1wsW.jpg, http://pbs.twimg.com/media/ExVvlQFU8AEfPEi.jpg, http://pbs.twimg.com/media/ExVvlUzVgAMRNpN.jpg","http://pbs.twimg.com/media/Ex5VTd0VIAAz-NO.jpg, http://pbs.twimg.com/media/Ex5VTjUU4Aca0FQ.jpg, http://pbs.twimg.com/media/Ex5VToNUcAggSuV.jpg, http://pbs.twimg.com/media/Ex5VTsZVgAYMGg6.jpg","http://pbs.twimg.com/media/Ex0vhmGVgAUjHgZ.jpg, http://pbs.twimg.com/media/Ex0vhs5UYAEOyQo.jpg, http://pbs.twimg.com/media/Ex0vhxSVIAEEfaM.jpg, http://pbs.twimg.com/media/Ex0vh2AU4AAX7Is.jpg","http://pbs.twimg.com/media/ExWNbVKVcAEX823.jpg, http://pbs.twimg.com/media/ExWNbZuVgAY8hL4.jpg, http://pbs.twimg.com/media/ExWNbeuUYAQFXB3.jpg, http://pbs.twimg.com/media/ExWNbmTVoAIHqpy.jpg","http://pbs.twimg.com/media/ExqiXx3VgAI1iew.jpg, http://pbs.twimg.com/media/ExqiX2pUcAQqkH1.jpg, http://pbs.twimg.com/media/ExqiX8CVoAAEIdN.jpg, http://pbs.twimg.com/media/ExqiYAPUYAUMsy9.jpg","http://pbs.twimg.com/media/ExVe1ySVgAQg3aU.jpg, http://pbs.twimg.com/media/ExVe158VIAY1TZ6.jpg, http://pbs.twimg.com/media/ExVe2AvUYAACYcJ.jpg, http://pbs.twimg.com/media/ExVe2F_UYAsb8M6.jpg","http://pbs.twimg.com/media/Exz_sRUVIAU4vIi.jpg, http://pbs.twimg.com/media/Exz_sZ5U4AwQhfN.jpg, http://pbs.twimg.com/media/Exz_sgsVIAAzUAp.jpg, http://pbs.twimg.com/media/Exz_slXVEAQY3Po.jpg","http://pbs.twimg.com/media/Ex1AbUrU8AQK_zJ.jpg, http://pbs.twimg.com/media/Ex1AbZPU8AESeLS.jpg, http://pbs.twimg.com/media/Ex1AbdgVIAEXqW5.jpg, http://pbs.twimg.com/media/Ex1AblxVoAAk9Rk.jpg", 
ext_media_t.co,"https://t.co/OSNyF7IMMO, https://t.co/OSNyF7IMMO, https://t.co/OSNyF7IMMO, https://t.co/OSNyF7IMMO","https://t.co/6B6VywHei6, https://t.co/6B6VywHei6, https://t.co/6B6VywHei6, https://t.co/6B6VywHei6","https://t.co/td4VkMmzFe, https://t.co/td4VkMmzFe, https://t.co/td4VkMmzFe, https://t.co/td4VkMmzFe","https://t.co/u5Ho2SjXUF, https://t.co/u5Ho2SjXUF, https://t.co/u5Ho2SjXUF, https://t.co/u5Ho2SjXUF","https://t.co/6B1xk4oAzp, https://t.co/6B1xk4oAzp, https://t.co/6B1xk4oAzp, https://t.co/6B1xk4oAzp","https://t.co/dliIGSpqn6, https://t.co/dliIGSpqn6, https://t.co/dliIGSpqn6, https://t.co/dliIGSpqn6","https://t.co/U0ESUlPfqF, https://t.co/U0ESUlPfqF, https://t.co/U0ESUlPfqF, https://t.co/U0ESUlPfqF","https://t.co/rHarFSfK9h, https://t.co/rHarFSfK9h, https://t.co/rHarFSfK9h, https://t.co/rHarFSfK9h","https://t.co/uL96t2oAZP, https://t.co/uL96t2oAZP, https://t.co/uL96t2oAZP, https://t.co/uL96t2oAZP","https://t.co/UThZjWgQIU, https://t.co/UThZjWgQIU, https://t.co/UThZjWgQIU, https://t.co/UThZjWgQIU", 
ext_media_expanded_url,"https://twitter.com/OptionsMaxPain/status/1377640824637288450/photo/1, https://twitter.com/OptionsMaxPain/status/1377640824637288450/photo/1, https://twitter.com/OptionsMaxPain/status/1377640824637288450/photo/1, https://twitter.com/OptionsMaxPain/status/1377640824637288450/photo/1","https://twitter.com/OptionsMaxPain/status/1377343109810450432/photo/1, https://twitter.com/OptionsMaxPain/status/1377343109810450432/photo/1, https://twitter.com/OptionsMaxPain/status/1377343109810450432/photo/1, https://twitter.com/OptionsMaxPain/status/1377343109810450432/photo/1","https://twitter.com/OptionsMaxPain/status/1375127950207590402/photo/1, https://twitter.com/OptionsMaxPain/status/1375127950207590402/photo/1, https://twitter.com/OptionsMaxPain/status/1375127950207590402/photo/1, https://twitter.com/OptionsMaxPain/status/1375127950207590402/photo/1","https://twitter.com/OptionsMaxPain/status/1377632334548135942/photo/1, https://twitter.com/OptionsMaxPain/status/1377632334548135942/photo/1, https://twitter.com/OptionsMaxPain/status/1377632334548135942/photo/1, https://twitter.com/OptionsMaxPain/status/1377632334548135942/photo/1","https://twitter.com/OptionsMaxPain/status/1377309321294344197/photo/1, https://twitter.com/OptionsMaxPain/status/1377309321294344197/photo/1, https://twitter.com/OptionsMaxPain/status/1377309321294344197/photo/1, https://twitter.com/OptionsMaxPain/status/1377309321294344197/photo/1","https://twitter.com/OptionsMaxPain/status/1375160768388161536/photo/1, https://twitter.com/OptionsMaxPain/status/1375160768388161536/photo/1, https://twitter.com/OptionsMaxPain/status/1375160768388161536/photo/1, https://twitter.com/OptionsMaxPain/status/1375160768388161536/photo/1","https://twitter.com/OptionsMaxPain/status/1376591170977984512/photo/1, https://twitter.com/OptionsMaxPain/status/1376591170977984512/photo/1, https://twitter.com/OptionsMaxPain/status/1376591170977984512/photo/1, https://twitter.com/OptionsMaxPain/status/1376591170977984512/photo/1","https://twitter.com/OptionsMaxPain/status/1375109546805354504/photo/1, https://twitter.com/OptionsMaxPain/status/1375109546805354504/photo/1, https://twitter.com/OptionsMaxPain/status/1375109546805354504/photo/1, https://twitter.com/OptionsMaxPain/status/1375109546805354504/photo/1","https://twitter.com/OptionsMaxPain/status/1377256729012932610/photo/1, https://twitter.com/OptionsMaxPain/status/1377256729012932610/photo/1, https://twitter.com/OptionsMaxPain/status/1377256729012932610/photo/1, https://twitter.com/OptionsMaxPain/status/1377256729012932610/photo/1","https://twitter.com/OptionsMaxPain/status/1377327905391345670/photo/1, https://twitter.com/OptionsMaxPain/status/1377327905391345670/photo/1, https://twitter.com/OptionsMaxPain/status/1377327905391345670/photo/1, https://twitter.com/OptionsMaxPain/status/1377327905391345670/photo/1", 
ext_media_type,NA,NA,NA,NA,NA,NA,NA,NA,NA,NA,
mentions_user_id,NA,NA,NA,NA,NA,NA,NA,NA,NA,NA,
mentions_screen_name,NA,NA,NA,NA,NA,NA,NA,NA,NA,NA,
lang,en,en,en,en,en,en,en,en,en,en,
quoted_status_id,NA,NA,NA,NA,NA,NA,NA,NA,NA,NA,
quoted_text,,,,,,,,,,,
quoted_created_at,,,,,,,,,,,
quoted_source,,,,,,,,,,,
quoted_favorite_count,NA,NA,NA,NA,NA,NA,NA,NA,NA,NA,
quoted_retweet_count,NA,NA,NA,NA,NA,NA,NA,NA,NA,NA,
quoted_user_id,NA,NA,NA,NA,NA,NA,NA,NA,NA,NA,
quoted_screen_name,,,,,,,,,,,
quoted_name,,,,,,,,,,,
quoted_followers_count,NA,NA,NA,NA,NA,NA,NA,NA,NA,NA,
quoted_friends_count,NA,NA,NA,NA,NA,NA,NA,NA,NA,NA,
quoted_statuses_count,NA,NA,NA,NA,NA,NA,NA,NA,NA,NA,
quoted_location,,,,,,,,,,,
quoted_description,,,,,,,,,,,
quoted_verified,NA,NA,NA,NA,NA,NA,NA,NA,NA,NA,
retweet_status_id,NA,NA,NA,NA,NA,NA,NA,NA,NA,NA,
retweet_text,,,,,,,,,,,
retweet_created_at,,,,,,,,,,,
retweet_source,,,,,,,,,,,
retweet_favorite_count,NA,NA,NA,NA,NA,NA,NA,NA,NA,NA,
retweet_retweet_count,NA,NA,NA,NA,NA,NA,NA,NA,NA,NA,
retweet_user_id,NA,NA,NA,NA,NA,NA,NA,NA,NA,NA,
retweet_screen_name,,,,,,,,,,,
retweet_name,,,,,,,,,,,
retweet_followers_count,NA,NA,NA,NA,NA,NA,NA,NA,NA,NA,
retweet_friends_count,NA,NA,NA,NA,NA,NA,NA,NA,NA,NA,
retweet_statuses_count,NA,NA,NA,NA,NA,NA,NA,NA,NA,NA,
retweet_location,,,,,,,,,,,
retweet_description,,,,,,,,,,,
retweet_verified,NA,NA,NA,NA,NA,NA,NA,NA,NA,NA,
place_url,,,,,,,,,,,
place_name,,,,,,,,,,,
place_full_name,,,,,,,,,,,
place_type,,,,,,,,,,,
country,,,,,,,,,,,
country_code,,,,,,,,,,,
geo_coords,"NA, NA","NA, NA","NA, NA","NA, NA","NA, NA","NA, NA","NA, NA","NA, NA","NA, NA","NA, NA",
coords_coords,"NA, NA","NA, NA","NA, NA","NA, NA","NA, NA","NA, NA","NA, NA","NA, NA","NA, NA","NA, NA",
bbox_coords,"NA, NA, NA, NA, NA, NA, NA, NA","NA, NA, NA, NA, NA, NA, NA, NA","NA, NA, NA, NA, NA, NA, NA, NA","NA, NA, NA, NA, NA, NA, NA, NA","NA, NA, NA, NA, NA, NA, NA, NA","NA, NA, NA, NA, NA, NA, NA, NA","NA, NA, NA, NA, NA, NA, NA, NA","NA, NA, NA, NA, NA, NA, NA, NA","NA, NA, NA, NA, NA, NA, NA, NA","NA, NA, NA, NA, NA, NA, NA, NA",
status_url,https://twitter.com/OptionsMaxPain/status/1377640824637288450,https://twitter.com/OptionsMaxPain/status/1377343109810450432,https://twitter.com/OptionsMaxPain/status/1375127950207590402,https://twitter.com/OptionsMaxPain/status/1377632334548135942,https://twitter.com/OptionsMaxPain/status/1377309321294344197,https://twitter.com/OptionsMaxPain/status/1375160768388161536,https://twitter.com/OptionsMaxPain/status/1376591170977984512,https://twitter.com/OptionsMaxPain/status/1375109546805354504,https://twitter.com/OptionsMaxPain/status/1377256729012932610,https://twitter.com/OptionsMaxPain/status/1377327905391345670,
name,OptionsPro MaxPain,OptionsPro MaxPain,OptionsPro MaxPain,OptionsPro MaxPain,OptionsPro MaxPain,OptionsPro MaxPain,OptionsPro MaxPain,OptionsPro MaxPain,OptionsPro MaxPain,OptionsPro MaxPain,
location,"California, USA","California, USA","California, USA","California, USA","California, USA","California, USA","California, USA","California, USA","California, USA","California, USA",
description,Advanced market information center to track hot #options #MaxPain. #Financial service for #traders and #investors.,Advanced market information center to track hot #options #MaxPain. #Financial service for #traders and #investors.,Advanced market information center to track hot #options #MaxPain. #Financial service for #traders and #investors.,Advanced market information center to track hot #options #MaxPain. #Financial service for #traders and #investors.,Advanced market information center to track hot #options #MaxPain. #Financial service for #traders and #investors.,Advanced market information center to track hot #options #MaxPain. #Financial service for #traders and #investors.,Advanced market information center to track hot #options #MaxPain. #Financial service for #traders and #investors.,Advanced market information center to track hot #options #MaxPain. #Financial service for #traders and #investors.,Advanced market information center to track hot #options #MaxPain. #Financial service for #traders and #investors.,Advanced market information center to track hot #options #MaxPain. #Financial service for #traders and #investors.,
url,https://t.co/TFmFqsPG02,https://t.co/TFmFqsPG02,https://t.co/TFmFqsPG02,https://t.co/TFmFqsPG02,https://t.co/TFmFqsPG02,https://t.co/TFmFqsPG02,https://t.co/TFmFqsPG02,https://t.co/TFmFqsPG02,https://t.co/TFmFqsPG02,https://t.co/TFmFqsPG02,
protected,FALSE,FALSE,FALSE,FALSE,FALSE,FALSE,FALSE,FALSE,FALSE,FALSE,
followers_count,3368,3368,3368,3368,3368,3368,3368,3368,3368,3368,
friends_count,45,45,45,45,45,45,45,45,45,45,
listed_count,58,58,58,58,58,58,58,58,58,58,
statuses_count,57103,57103,57103,57103,57103,57103,57103,57103,57103,57103,
favourites_count,0,0,0,0,0,0,0,0,0,0,
account_created_at,2016-03-06T01:58:34Z,2016-03-06T01:58:34Z,2016-03-06T01:58:34Z,2016-03-06T01:58:34Z,2016-03-06T01:58:34Z,2016-03-06T01:58:34Z,2016-03-06T01:58:34Z,2016-03-06T01:58:34Z,2016-03-06T01:58:34Z,2016-03-06T01:58:34Z,
verified,FALSE,FALSE,FALSE,FALSE,FALSE,FALSE,FALSE,FALSE,FALSE,FALSE,
profile_url,https://t.co/TFmFqsPG02,https://t.co/TFmFqsPG02,https://t.co/TFmFqsPG02,https://t.co/TFmFqsPG02,https://t.co/TFmFqsPG02,https://t.co/TFmFqsPG02,https://t.co/TFmFqsPG02,https://t.co/TFmFqsPG02,https://t.co/TFmFqsPG02,https://t.co/TFmFqsPG02,
profile_expanded_url,http://www.mobileinteractive.com/superstocks,http://www.mobileinteractive.com/superstocks,http://www.mobileinteractive.com/superstocks,http://www.mobileinteractive.com/superstocks,http://www.mobileinteractive.com/superstocks,http://www.mobileinteractive.com/superstocks,http://www.mobileinteractive.com/superstocks,http://www.mobileinteractive.com/superstocks,http://www.mobileinteractive.com/superstocks,http://www.mobileinteractive.com/superstocks,
account_lang,NA,NA,NA,NA,NA,NA,NA,NA,NA,NA,
profile_banner_url,https://pbs.twimg.com/profile_banners/706297891070087168/1457232758,https://pbs.twimg.com/profile_banners/706297891070087168/1457232758,https://pbs.twimg.com/profile_banners/706297891070087168/1457232758,https://pbs.twimg.com/profile_banners/706297891070087168/1457232758,https://pbs.twimg.com/profile_banners/706297891070087168/1457232758,https://pbs.twimg.com/profile_banners/706297891070087168/1457232758,https://pbs.twimg.com/profile_banners/706297891070087168/1457232758,https://pbs.twimg.com/profile_banners/706297891070087168/1457232758,https://pbs.twimg.com/profile_banners/706297891070087168/1457232758,https://pbs.twimg.com/profile_banners/706297891070087168/1457232758,
profile_background_url,,,,,,,,,,,
profile_image_url,http://pbs.twimg.com/profile_images/893291796549292033/dKBZVxVR_normal.jpg,http://pbs.twimg.com/profile_images/893291796549292033/dKBZVxVR_normal.jpg,http://pbs.twimg.com/profile_images/893291796549292033/dKBZVxVR_normal.jpg,http://pbs.twimg.com/profile_images/893291796549292033/dKBZVxVR_normal.jpg,http://pbs.twimg.com/profile_images/893291796549292033/dKBZVxVR_normal.jpg,http://pbs.twimg.com/profile_images/893291796549292033/dKBZVxVR_normal.jpg,http://pbs.twimg.com/profile_images/893291796549292033/dKBZVxVR_normal.jpg,http://pbs.twimg.com/profile_images/893291796549292033/dKBZVxVR_normal.jpg,http://pbs.twimg.com/profile_images/893291796549292033/dKBZVxVR_normal.jpg,http://pbs.twimg.com/profile_images/893291796549292033/dKBZVxVR_normal.jpg,